video_url,user_url,username,title,view_num,created_at,shortdesc,collected_at
/watch?v=uy9THx_o3d8&pp=ygUPcHVibGljIGZyZWFrb3V0,/@PublicFreakout,Public Freakouts Unleashed,THE *ULTIMATE* Top 25 Public Freakouts of 2023!,è§€çœ‹æ¬¡æ•¸ï¼š26è¬æ¬¡,1 å€‹æœˆå‰,Subscribe to Public Freakouts Unleashed here: â¡ï¸ https://www.youtube.com/user/iLikeAmazingMusic?sub_confirmation=1,2024-01-31 06:17:48.589864
/watch?v=QO36cpendLk&pp=ygUPcHVibGljIGZyZWFrb3V0,/@PublicFreakout,Public Freakouts Unleashed,Troublemakers Getting OWNED & ARRESTED By Police,è§€çœ‹æ¬¡æ•¸ï¼š4.3è¬æ¬¡,7 å¤©å‰,Subscribe to Public Freakout here: â¡ï¸ https://www.youtube.com/user/iLikeAmazingMusic?sub_confirmation=1. Click HERE toÂ ...,2024-01-31 06:17:48.591929
/watch?v=XJVuYmocQlk&pp=ygUPcHVibGljIGZyZWFrb3V0,/@PublicFreakout,Public Freakouts Unleashed,Police Officer Puts Road Rage KAREN In Her Place..,è§€çœ‹æ¬¡æ•¸ï¼š12è¬æ¬¡,12 å¤©å‰,Subscribe to Public Freakout here: â¡ï¸ https://www.youtube.com/user/iLikeAmazingMusic?sub_confirmation=1. Click HERE toÂ ...,2024-01-31 06:17:48.595451
/watch?v=0ioxYMvvRZM&pp=ygUPcHVibGljIGZyZWFrb3V0,/@PublicFreakout,Public Freakouts Unleashed,These HOA Karens Are Terrorizing Their Tenants | Best Freakouts,è§€çœ‹æ¬¡æ•¸ï¼š28è¬æ¬¡,4 å€‹æœˆå‰,Subscribe to Public Freakout here: â¡ï¸ https://www.youtube.com/user/iLikeAmazingMusic?sub_confirmation=1. Enjoy yourselfÂ ...,2024-01-31 06:17:48.599949
/watch?v=BNyWZ5ApIjg&pp=ygUPcHVibGljIGZyZWFrb3V0,/@fantasticfreakouts,Fantastic Freakouts,When Karens ACTUALLY Mess With The Wrong Employee.. (INSTANT KARMA),è§€çœ‹æ¬¡æ•¸ï¼š10è¬æ¬¡,11 å¤©å‰,"(INSTANT KARMA) In this video you will see Karen public freakout moments, karen gets owned, karen videos, karen gets ownedÂ ...",2024-01-31 06:17:48.603101
/watch?v=J4WIMUzlBxE&pp=ygUPcHVibGljIGZyZWFrb3V0,/@publicfreakoutvideos,Public Freakout Videos,When Karens Mess With The Wrong People..,è§€çœ‹æ¬¡æ•¸ï¼š4.2è¬æ¬¡,2 å€‹æœˆå‰,"When Karens Mess With The Wrong People.. karen public freakout moments, karen gets owned, karen videos, karen gets ownedÂ ...",2024-01-31 06:17:48.605753
/watch?v=Dy0fGgHSGs8&pp=ygUPcHVibGljIGZyZWFrb3V0,/@publicfreakoutvideos,Public Freakout Videos,When Karens Mess With The WRONG People.. #5,è§€çœ‹æ¬¡æ•¸ï¼š6.5è¬æ¬¡,9 å¤©å‰,When Karens Mess With The WRONG People.. #5 Subscribe for more videos to see Karens Who Got What They ReallyÂ ...,2024-01-31 06:17:48.607594
/watch?v=dLkHlEEHfCo&pp=ygUPcHVibGljIGZyZWFrb3V0,/@PublicFreakout,Public Freakouts Unleashed,Apartment Karen Gets CRAZY When Her Scheme Fails...,è§€çœ‹æ¬¡æ•¸ï¼š7.6è¬æ¬¡,2 é€±å‰,Subscribe to Public Freakout here: â¡ï¸ https://www.youtube.com/user/iLikeAmazingMusic?sub_confirmation=1. Click HERE toÂ ...,2024-01-31 06:17:48.610791
/watch?v=4niBsDu_kyE&pp=ygUPcHVibGljIGZyZWFrb3V0,/@PublicFreakout,Public Freakouts Unleashed,Tiktoker Goes On The Scariest First Date Ever.. | Best Freakouts,è§€çœ‹æ¬¡æ•¸ï¼š3.1è¬æ¬¡,4 å¤©å‰,Subscribe to Public Freakout here: â¡ï¸ https://www.youtube.com/user/iLikeAmazingMusic?sub_confirmation=1. Click HERE toÂ ...,2024-01-31 06:17:48.613277
/watch?v=kCFUUxz99PE&pp=ygUPcHVibGljIGZyZWFrb3V0,/@freakingout9533,freaking out,Public Freakout Compilation #141,è§€çœ‹æ¬¡æ•¸ï¼š1.4è¬æ¬¡,5 å€‹æœˆå‰,public #publicfreakoutcompilation She left quick after her final remark. Kudos to the guy standing up for the employees WomanÂ ...,2024-01-31 06:17:48.619294
/watch?v=Sge3ZwuPRNU&pp=ygUPcHVibGljIGZyZWFrb3V0,/@dontregretforget,"Don't regret, forget!",Crazy Drunk KARENS Harassing The Neighborhood Playing Victim In Public Freakouts And INSTANT KARMA,è§€çœ‹æ¬¡æ•¸ï¼š48æ¬¡,2 å¤©å‰,Crazy Drunk KARENS Harassing The Neighborhood Playing Victim In Public Freakouts And INSTANT KARMA +18 KARENÂ ...,2024-01-31 06:17:48.622174
/watch?v=7bOu9d1R7_o&pp=ygUPcHVibGljIGZyZWFrb3V0,/@PublicFreakout,Public Freakouts Unleashed,BALLISTIC Walmart Pastor Leaves Shoppers Stunned.. | Best Freakouts,è§€çœ‹æ¬¡æ•¸ï¼š26è¬æ¬¡,2 å€‹æœˆå‰,Subscribe to Public Freakout here: â¡ï¸ https://www.youtube.com/user/iLikeAmazingMusic?sub_confirmation=1. Click HERE toÂ ...,2024-01-31 06:17:48.625912
/watch?v=Dxocmrfh2c0&pp=ygUPcHVibGljIGZyZWFrb3V0,/@publicfreakoutvideos,Public Freakout Videos,When Karens Mess With The WRONG People.. #4,è§€çœ‹æ¬¡æ•¸ï¼š8.1è¬æ¬¡,2 é€±å‰,When Karens Mess With The WRONG People.. #4 Subscribe for more videos to see Karens Who Got What They ReallyÂ ...,2024-01-31 06:17:48.628587
/watch?v=U4KEs6tsyvs&pp=ygUPcHVibGljIGZyZWFrb3V0,/@publicfreakoutvideos,Public Freakout Videos,When Karens Mess With The WRONG People..,è§€çœ‹æ¬¡æ•¸ï¼š8.7è¬æ¬¡,3 é€±å‰,"When Karens Mess With The WRONG People.. Subscribe for more videos to see Karens Who Got What They Really DESERVED,Â ...",2024-01-31 06:17:48.631429
/watch?v=MUJsakqdwsM&pp=ygUPcHVibGljIGZyZWFrb3V0,/@publicfreakoutvideos,Public Freakout Videos,When Karens Mess With The WRONG People.. #2,è§€çœ‹æ¬¡æ•¸ï¼š14è¬æ¬¡,3 é€±å‰,When Karens Mess With The WRONG People.. #2 Subscribe for more videos to see Karens Who Got What They ReallyÂ ...,2024-01-31 06:17:48.634619
/watch?v=UgwKMKBtbJw&pp=ygUPcHVibGljIGZyZWFrb3V0,/@PublicFreakout,Public Freakouts Unleashed,Another Karen Joins The No-Fly List... | Best Freakouts,è§€çœ‹æ¬¡æ•¸ï¼š22è¬æ¬¡,1 å€‹æœˆå‰,Subscribe to Public Freakout here: â¡ï¸ https://www.youtube.com/user/iLikeAmazingMusic?sub_confirmation=1. Click HERE toÂ ...,2024-01-31 06:17:48.638185
/watch?v=pRSdnQR5p7c&pp=ygUPcHVibGljIGZyZWFrb3V0,/@freakingout9533,freaking out,Public Freakout Compilation #183,è§€çœ‹æ¬¡æ•¸ï¼š227æ¬¡,9 å¤©å‰,"public #publicfreakoutcompilation Met officer charged, assaulted and wrongly arrested woman over 'bus fare evasion' in front ofÂ ...",2024-01-31 06:17:48.640844
/watch?v=kwa_vCfSZPw&pp=ygUPcHVibGljIGZyZWFrb3V0,/@PublicFreakout,Public Freakouts Unleashed,When Trying To Start a Fight BACKFIRES | Best Freakouts,è§€çœ‹æ¬¡æ•¸ï¼š21è¬æ¬¡,1 å€‹æœˆå‰,Subscribe to Public Freakout here: â¡ï¸ https://www.youtube.com/user/iLikeAmazingMusic?sub_confirmation=1. Click HERE toÂ ...,2024-01-31 06:17:48.643401
/watch?v=eKDCFDAMQ-k&pp=ygUPcHVibGljIGZyZWFrb3V0,/@PublicFreakout,Public Freakouts Unleashed,25 CRAZY Public Freakouts & Karen Attacks!,è§€çœ‹æ¬¡æ•¸ï¼š15è¬æ¬¡,3 å€‹æœˆå‰,Subscribe to Public Freakout here: â¡ï¸ https://www.youtube.com/user/iLikeAmazingMusic?sub_confirmation=1. Click HERE toÂ ...,2024-01-31 06:17:48.646502
/watch?v=iUCAV39xENk&pp=ygUPcHVibGljIGZyZWFrb3V0,/@KarmaKaren,Karma,When Dumb Karens Try To Attack People,è§€çœ‹æ¬¡æ•¸ï¼š3495æ¬¡,14 å°æ™‚å‰,"In this video you will see Karen public freakout moments, karen gets owned, karen videos, karen gets owned by police, karen getsÂ ...",2024-01-31 06:17:56.385650
/watch?v=GLOupYHIxOY&pp=ygUPcHVibGljIGZyZWFrb3V0,/@innoparticularorder3181,In No Particular Order,A Good Old Fashioned Public Freakouts Compilation! #9,è§€çœ‹æ¬¡æ•¸ï¼š5560æ¬¡,8 å¤©å‰,"Just A Good Old Fashioned Public Freakouts Top 10, In No Particular Order. ==================== Copyright DisclaimerÂ ...",2024-01-31 06:17:56.389128
/watch?v=lEZrSFG3syU&pp=ygUPcHVibGljIGZyZWFrb3V0,/@publicfreakoutvideos,Public Freakout Videos,18 Minutes Of Karens Messing With The Wrong People..,è§€çœ‹æ¬¡æ•¸ï¼š7.9è¬æ¬¡,1 å€‹æœˆå‰,18 Minutes Of Karens Messing With The Wrong People.. Subscribe for more videos to see Karens Who Got What They ReallyÂ ...,2024-01-31 06:17:56.392111
/watch?v=ovwb2l73mk8&pp=ygUPcHVibGljIGZyZWFrb3V0,/@iamgabesanchez,Gabe Sanchez,Trump lawyer has public FREAK OUT after $83.3 MILLION verdict,è§€çœ‹æ¬¡æ•¸ï¼š6134æ¬¡,6 å°æ™‚å‰,"On this episode of ""What Was That?"", I break down how Alina Habba is not only Donald Trump's most expensive lawyer but alsoÂ ...",2024-01-31 06:17:56.394808
/watch?v=KJF27JpK2zA&pp=ygUPcHVibGljIGZyZWFrb3V0,/@DailyPublicFreakouts,Daily Public Freakouts,Public Freakout Compilation #177 | Daily Public Freakouts,è§€çœ‹æ¬¡æ•¸ï¼š2.3è¬æ¬¡,6 å€‹æœˆå‰,Public Freakout Compilation #177 | Daily Public Freakouts Thank You For Tuning In This Episode! Today we feature publicÂ ...,2024-01-31 06:17:56.397594
/watch?v=dDvKQ0jAmYA&pp=ygUPcHVibGljIGZyZWFrb3V0,/@publicfreakoutvideos,Public Freakout Videos,Karens fighting at Subway for 33 minutes straight,è§€çœ‹æ¬¡æ•¸ï¼š4.4è¬æ¬¡,13 å¤©å‰,Karens fighting at Subway for 33 minutes straight Subscribe for more videos to see Karens Who Got What They ReallyÂ ...,2024-01-31 06:17:56.400396
/watch?v=7wKdJOqFwYE&pp=ygUPcHVibGljIGZyZWFrb3V0,/@publicfreakoutvideos,Public Freakout Videos,16 Minutes Of Karens Messing With The Wrong People..,è§€çœ‹æ¬¡æ•¸ï¼š12è¬æ¬¡,1 å€‹æœˆå‰,16 Minutes Of Karens Messing With The Wrong People.. ONE HOUR Of Karens Who Got OWNED!,2024-01-31 06:17:56.403162
/shorts/pvq2rlpj35I,/@EndTimesArmory,End Times Armory,Warning: Demonic | Orlando Brown Public Freakout #demon #orlandobrown #possession,è§€çœ‹æ¬¡æ•¸ï¼š0æ¬¡,1 å°æ™‚å‰,"Explore the shocking and erratic behavior of Orlando Brown in this eye-opening video as he publicly unravels, referring to a waiterÂ ...",2024-01-31 06:17:56.405928
/watch?v=QpMhSGXgvu8&pp=ygUPcHVibGljIGZyZWFrb3V0,/@PublicFreakout,Public Freakouts Unleashed,The Top 20 WORST Public Freakouts I Could Find ğŸ˜³,è§€çœ‹æ¬¡æ•¸ï¼š22è¬æ¬¡,3 å€‹æœˆå‰,Subscribe to Public Freakout here: â¡ï¸ https://www.youtube.com/user/iLikeAmazingMusic?sub_confirmation=1. Click HERE toÂ ...,2024-01-31 06:17:56.409730
/watch?v=acY5by9XDNo&pp=ygUPcHVibGljIGZyZWFrb3V0,/@codyko2,Cody & Ko,Try Not to Laugh: Public Freakouts,è§€çœ‹æ¬¡æ•¸ï¼š184è¬æ¬¡,3 å€‹æœˆå‰,stream bop it: https://codyko.lnk.to/bopit music video: https://www.youtube.com/watch?v=vclcXO3pGtk edited by:Â ...,2024-01-31 06:17:56.413663
/watch?v=eOs3n2z0szs&pp=ygUPcHVibGljIGZyZWFrb3V0,/@publicfreakoutvideos,Public Freakout Videos,Karens fighting at Walmart for 34 minutes straight,è§€çœ‹æ¬¡æ•¸ï¼š18è¬æ¬¡,2 é€±å‰,Karens fighting at Walmart for 34 minutes straight Subscribe for more videos to see Karens Who Got What They ReallyÂ ...,2024-01-31 06:17:56.416574
/watch?v=TBhaXKTB858&pp=ygUPcHVibGljIGZyZWFrb3V0,/@DailyPublicFreakouts,Daily Public Freakouts,Public Freakout Compilation #164 | Daily Public Freakouts,è§€çœ‹æ¬¡æ•¸ï¼š33è¬æ¬¡,1 å¹´å‰,Thank You For Tuning In This Episode! Today we feature public freakout and rages caught-on-camera...The Best Public FreakoutÂ ...,2024-01-31 06:17:56.419390
/watch?v=PEFYCLfL5ig&pp=ygUPcHVibGljIGZyZWFrb3V0,/@publicfreakoutvideos,Public Freakout Videos,26 Minutes Of Karens Messing With The Wrong People..,è§€çœ‹æ¬¡æ•¸ï¼š17è¬æ¬¡,1 å€‹æœˆå‰,26 Minutes Of Karens Messing With The Wrong People.. Subscribe for more videos to see Karens Who Got What They ReallyÂ ...,2024-01-31 06:17:56.422167
/watch?v=W7o3uO44Dws&pp=ygUPcHVibGljIGZyZWFrb3V0,/@UPFE,UPFE,Ultimate Public Freakout - Karens That Think Theyâ€™re Smart Episode #18,è§€çœ‹æ¬¡æ•¸ï¼š2.4è¬æ¬¡,2 å€‹æœˆå‰,Ultimate Public Freakout Episodes Welcome Back To Another Episode Of Ultimate Public Freakouts. Today's Episode Features AÂ ...,2024-01-31 06:17:56.424981
/watch?v=QImSSjwWoWM&pp=ygUPcHVibGljIGZyZWFrb3V0,/@PublicFreakout,Public Freakouts Unleashed,Entitled Karen gets OWNED at Target Over Viral Stanley Cup,è§€çœ‹æ¬¡æ•¸ï¼š9.9è¬æ¬¡,3 é€±å‰,"By now, everyone has heard of the Starbucks x Stanley Cup promotional holiday pink Stanley quencher collaboration, which hasÂ ...",2024-01-31 06:17:56.427715
/watch?v=zgi95t6_oHY&pp=ygUPcHVibGljIGZyZWFrb3V0,/@PublicFreakout,Public Freakouts Unleashed,Karen Is NOT THANKFUL When A Neighbor Saves Her Dog! | Best Freakouts,è§€çœ‹æ¬¡æ•¸ï¼š6.9è¬æ¬¡,2 å€‹æœˆå‰,Subscribe to Public Freakout here: â¡ï¸ https://www.youtube.com/user/iLikeAmazingMusic?sub_confirmation=1. Click HERE toÂ ...,2024-01-31 06:17:56.430440
/watch?v=mT1YviPe21Y&pp=ygUPcHVibGljIGZyZWFrb3V0,/@PublicFreakout,Public Freakouts Unleashed,It's No Longer Safe To Go Outside | Best Public Freakouts,è§€çœ‹æ¬¡æ•¸ï¼š17è¬æ¬¡,5 å€‹æœˆå‰,In today's episode: A final warning from a mysterious stranger | Corey the assistant manager brings out the worst in people | AÂ ...,2024-01-31 06:17:56.434398
/watch?v=RUj6e2j4U5U&pp=ygUPcHVibGljIGZyZWFrb3V0,/@PublicFreakout,Public Freakouts Unleashed,43 Minutes Of JAW DROPPING New Public Freakouts..,è§€çœ‹æ¬¡æ•¸ï¼š23è¬æ¬¡,3 å€‹æœˆå‰,Subscribe to Public Freakouts Unleashed here: â¡ï¸ https://www.youtube.com/user/iLikeAmazingMusic?sub_confirmation=1,2024-01-31 06:17:56.437208
/watch?v=COvizBuynew&pp=ygUPcHVibGljIGZyZWFrb3V0,/@PublicFreakout,Public Freakouts Unleashed,Things Got OUT OF CONTROL At Subway! | Best Freakouts,è§€çœ‹æ¬¡æ•¸ï¼š8.8è¬æ¬¡,5 å€‹æœˆå‰,Subscribe to Public Freakout here: â¡ï¸ https://www.youtube.com/user/iLikeAmazingMusic?sub_confirmation=1. Enjoy yourselfÂ ...,2024-01-31 06:17:56.440991
/watch?v=fWjny7Yxbxw&pp=ygUPcHVibGljIGZyZWFrb3V0,/@PublicFreakout,Public Freakouts Unleashed,"""Super Dad"" Has Epic MELTDOWN At The AAA Store | Best Freakouts",è§€çœ‹æ¬¡æ•¸ï¼š17è¬æ¬¡,3 å€‹æœˆå‰,Subscribe to Public Freakout here: â¡ï¸ https://www.youtube.com/user/iLikeAmazingMusic?sub_confirmation=1. Click HERE toÂ ...,2024-01-31 06:17:56.444719
/watch?v=R_2o55e2xdk&pp=ygUPcHVibGljIGZyZWFrb3V0,/@publicfreakoutvideos,Public Freakout Videos,29 Minutes Of Karens Messing With The Wrong People..,è§€çœ‹æ¬¡æ•¸ï¼š61è¬æ¬¡,6 å€‹æœˆå‰,29 Minutes Of Karens Messing With The Wrong People.. ONE HOUR Of Karens Who Got OWNED!,2024-01-31 06:18:04.345837
/watch?v=FYXzGoV5WzI&pp=ygUPcHVibGljIGZyZWFrb3V0,/@PublicFreakout,Public Freakouts Unleashed,Top 10 Public Freakouts That Will Put You ON THE FLOOR!,è§€çœ‹æ¬¡æ•¸ï¼š11è¬æ¬¡,4 å€‹æœˆå‰,Subscribe to Public Freakout here: â¡ï¸ https://www.youtube.com/user/iLikeAmazingMusic?sub_confirmation=1. Click HERE toÂ ...,2024-01-31 06:18:04.348459
/watch?v=vY0CUu6jr5s&pp=ygUPcHVibGljIGZyZWFrb3V0,/@publicfreakoutvideos,Public Freakout Videos,18 Minutes Of Karens Messing With The Wrong People..,è§€çœ‹æ¬¡æ•¸ï¼š6.2è¬æ¬¡,3 å€‹æœˆå‰,18 Minutes Of Karens Messing With The Wrong People.. ONE HOUR Of Karens Who Got OWNED!,2024-01-31 06:18:04.350070
/watch?v=VKjXfHbVars&pp=ygUPcHVibGljIGZyZWFrb3V0,/@publicfreakoutvideos,Public Freakout Videos,Grandma Karen's Carjacking Attempt Caught on Camera!,è§€çœ‹æ¬¡æ•¸ï¼š5.6è¬æ¬¡,1 å€‹æœˆå‰,Grandma Karen's Carjacking Attempt Caught on Camera! ONE HOUR Of Karens Who Got OWNED!,2024-01-31 06:18:04.351466
/watch?v=_GsB9JO0lqk&pp=ygUPcHVibGljIGZyZWFrb3V0,/@PublicFreakout,Public Freakouts Unleashed,The Angriest Subway Manager We've Ever Seen | Best Public Freakouts,è§€çœ‹æ¬¡æ•¸ï¼š13è¬æ¬¡,8 å€‹æœˆå‰,Subscribe to Public Freakout here: â¡ï¸ https://www.youtube.com/user/iLikeAmazingMusic?sub_confirmation=1. Subscribe to myÂ ...,2024-01-31 06:18:04.353243
/watch?v=mTzRchahJGc&pp=ygUPcHVibGljIGZyZWFrb3V0,/@publicfreakoutvideos,Public Freakout Videos,KARENS Who Got What They DESERVED.. #161,è§€çœ‹æ¬¡æ•¸ï¼š19è¬æ¬¡,7 å€‹æœˆå‰,"KARENS Who Got What They DESERVED.. #161 Karen videos that feature Karens Who Got What They Deserved, Karens in theÂ ...",2024-01-31 06:18:04.354560
/watch?v=p-HRIvxsSjI&pp=ygUPcHVibGljIGZyZWFrb3V0,/@socialfails3671,Social Fails,*PUBLIC FREAKOUT & CRINGE MEGA-COMPILATION* #53,è§€çœ‹æ¬¡æ•¸ï¼š1314è¬æ¬¡,5 å¹´å‰,"Public Freakout, Customer vs. Employee, and Cringe videos! Ep. 53. THANKS TO OUR SPONSOR: Download the GramSpacerÂ ...",2024-01-31 06:18:04.355771
/watch?v=PJmMuGQbfUs&pp=ygUPcHVibGljIGZyZWFrb3V0,/@UPFE,UPFE,Ultimate Public Freakout - Karens That Think Theyâ€™re Smart Episode #16,è§€çœ‹æ¬¡æ•¸ï¼š8.6è¬æ¬¡,3 å€‹æœˆå‰,Ultimate Public Freakout Episodes Welcome Back To Another Episode Of Ultimate Public Freakouts. Today's Episode Features AÂ ...,2024-01-31 06:18:04.357116
/watch?v=qH-3IPHZCLU&pp=ygUPcHVibGljIGZyZWFrb3V0,/@publicfreakoutvideos,Public Freakout Videos,When Karens Mess With The Wrong People.. (BEST OF 2023),è§€çœ‹æ¬¡æ•¸ï¼š9.4è¬æ¬¡,1 å€‹æœˆå‰,"When Karens Mess With The Wrong People.. (BEST OF 2023) From Karens Vs Kids, Karens Messing With The Wrong People,Â ...",2024-01-31 06:18:04.358378
/watch?v=WI700mSkuC4&pp=ygUPcHVibGljIGZyZWFrb3V0,/@publicfreakoutvideos,Public Freakout Videos,30 Minutes Of Karens Messing With The Wrong People..,è§€çœ‹æ¬¡æ•¸ï¼š24è¬æ¬¡,6 å€‹æœˆå‰,30 Minutes Of Karens Messing With The Wrong People.. ONE HOUR Of Karens Who Got OWNED!,2024-01-31 06:18:04.359622
/watch?v=iZE_-je6FmU&pp=ygUPcHVibGljIGZyZWFrb3V0,/@innoparticularorder3181,In No Particular Order,Craziest Customers Caught On Camera Causing Chaos! #18,è§€çœ‹æ¬¡æ•¸ï¼š28è¬æ¬¡,7 å€‹æœˆå‰,"These are the Top 10 Craziest Customers Caught On Camera Causing Chaos, In No Particular Order.",2024-01-31 06:18:04.360777
/watch?v=rgM7IOGZj50&pp=ygUPcHVibGljIGZyZWFrb3V0,/@PublicFreakout,Public Freakouts Unleashed,Karen Caught CHEATING At Harry Potter World! | Best Freakouts,è§€çœ‹æ¬¡æ•¸ï¼š47è¬æ¬¡,5 å€‹æœˆå‰,Subscribe to Public Freakout here: â¡ï¸ https://www.youtube.com/user/iLikeAmazingMusic?sub_confirmation=1. Enjoy yourselfÂ ...,2024-01-31 06:18:04.362658
/watch?v=vxVKFkAh5g4&pp=ygUPcHVibGljIGZyZWFrb3V0,/@publicfreakoutvideos,Public Freakout Videos,When Karens Mess With The Wrong Person..,è§€çœ‹æ¬¡æ•¸ï¼š4.3è¬æ¬¡,1 å€‹æœˆå‰,When Karens Mess With The Wrong Person.. ONE HOUR Of Karens Who Got OWNED!,2024-01-31 06:18:04.363929
/watch?v=sKiflVykr5Y&pp=ygUPcHVibGljIGZyZWFrb3V0,/@publicfreakoutvideos,Public Freakout Videos,When Karens Mess With The Wrong Person.. (BEST OF 2023),è§€çœ‹æ¬¡æ•¸ï¼š6.5è¬æ¬¡,1 å€‹æœˆå‰,When Karens Mess With The Wrong Person.. (BEST OF 2023) Subscribe for more videos to see Karens Who Got What TheyÂ ...,2024-01-31 06:18:04.365187
/watch?v=OLNe06hbVJE&pp=ygUPcHVibGljIGZyZWFrb3V0,/@UPFE,UPFE,Ultimate Public Freakout - Karens That Think Theyâ€™re Smart 1 Hour Episode #14,è§€çœ‹æ¬¡æ•¸ï¼š7.3è¬æ¬¡,4 å€‹æœˆå‰,Ultimate Public Freakout Episodes Welcome Back To Another Episode Of Ultimate Public Freakouts. Today's Episode Features AÂ ...,2024-01-31 06:18:04.366447
/watch?v=ZNj6lT4r9oE&pp=ygUPcHVibGljIGZyZWFrb3V0,/@publicfreakoutvideos,Public Freakout Videos,Karens fighting at Walmart for 50 minutes straight,è§€çœ‹æ¬¡æ•¸ï¼š60è¬æ¬¡,4 é€±å‰,Karens fighting at Walmart for 50 minutes straight Subscribe for more videos to see Karens Who Got What They ReallyÂ ...,2024-01-31 06:18:04.367674
/watch?v=HACZTm4cOo4&pp=ygUPcHVibGljIGZyZWFrb3V0,/@publicfreakoutvideos,Public Freakout Videos,Karens fighting at Walmart for 47 minutes straight,è§€çœ‹æ¬¡æ•¸ï¼š106è¬æ¬¡,1 å€‹æœˆå‰,Karens fighting at Walmart for 47 minutes straight Subscribe for more videos to see Karens Who Got What They ReallyÂ ...,2024-01-31 06:18:04.368933
/watch?v=-ZNhRl6av_E&pp=ygUPcHVibGljIGZyZWFrb3V0,/@PublicFreakout,Public Freakouts Unleashed,WTF Is Going On At The Holiday Inn? | Best Freakouts,è§€çœ‹æ¬¡æ•¸ï¼š9.2è¬æ¬¡,5 å€‹æœˆå‰,Subscribe to Public Freakout here: â¡ï¸ https://www.youtube.com/user/iLikeAmazingMusic?sub_confirmation=1. Enjoy yourselfÂ ...,2024-01-31 06:18:04.370544
/watch?v=d-yep17SVk8&pp=ygUPcHVibGljIGZyZWFrb3V0,/@freakingout9533,freaking out,Public Freakout Compilation #170,è§€çœ‹æ¬¡æ•¸ï¼š304æ¬¡,2 å€‹æœˆå‰,public #publicfreakoutcompilation American tourists drive through pedestrian area in Munich An irl korean streamer was harassedÂ ...,2024-01-31 06:18:04.371749
/watch?v=yxY8lnpjatc&pp=ygUPcHVibGljIGZyZWFrb3V0,/@UPFE,UPFE,Ultimate Public Freakout - Karens That Think Theyâ€™re Smart 1 Hour Episode #2,è§€çœ‹æ¬¡æ•¸ï¼š71è¬æ¬¡,10 å€‹æœˆå‰,Ultimate Public Freakout Episodes Welcome Back To Another Episode Of Ultimate Public Freakouts. Today's Episode Features AÂ ...,2024-01-31 06:18:04.373029
/watch?v=-MhfXYpNpHs&pp=ygUPcHVibGljIGZyZWFrb3V0,/@lifeples,Lifeples,FUNNIEST PUBLIC FREAKOUTS ! *.*,è§€çœ‹æ¬¡æ•¸ï¼š33è¬æ¬¡,1 å¹´å‰,If there is any copyright issue or you want us to delete your clip please contact us: lifeples@hotmail.com âš  All videos belong toÂ ...,2024-01-31 06:18:13.878598
/watch?v=zwINar-piPk&pp=ygUPcHVibGljIGZyZWFrb3V0,/@PublicFreakout,Public Freakouts Unleashed,This Taco Bell Employee Went WAY Too Far | TOP 10 Freakouts,è§€çœ‹æ¬¡æ•¸ï¼š12è¬æ¬¡,4 å€‹æœˆå‰,Subscribe to Public Freakout here: â¡ï¸ https://www.youtube.com/user/iLikeAmazingMusic?sub_confirmation=1. Click HERE toÂ ...,2024-01-31 06:18:13.883223
/watch?v=7Ak8_ix_nuM&pp=ygUPcHVibGljIGZyZWFrb3V0,/@UPFE,UPFE,Ultimate Public Freakout - Karens That Think Theyâ€™re Smart 1 Hour Episode #13,è§€çœ‹æ¬¡æ•¸ï¼š7.4è¬æ¬¡,5 å€‹æœˆå‰,Ultimate Public Freakout Episodes Welcome Back To Another Episode Of Ultimate Public Freakouts. Today's Episode Features AÂ ...,2024-01-31 06:18:13.886352
/watch?v=puTHE_-9zXA&pp=ygUPcHVibGljIGZyZWFrb3V0,/@publicfreakoutvideos,Public Freakout Videos,When Karens Mess With The Wrong People.. (Best of 2023),è§€çœ‹æ¬¡æ•¸ï¼š31è¬æ¬¡,1 å€‹æœˆå‰,When Karens Mess With The Wrong People.. (Best of 2023) Subscribe for more videos to see Karens Who Got What They ReallyÂ ...,2024-01-31 06:18:13.889864
/watch?v=6x1hZAjEqlI&pp=ygUPcHVibGljIGZyZWFrb3V0,/@OfficialPublicFreakoutZ,Public FreakoutZ,When Fake Tough Guys Get HUMBLED...,è§€çœ‹æ¬¡æ•¸ï¼š79è¬æ¬¡,2 å€‹æœˆå‰,"Welcome to Public FreakoutZ! Check the channel for Karens getting owned, humbled and humiliated, Karen videos, KarenÂ ...",2024-01-31 06:18:13.893101
/watch?v=TsJMD0DccRE&pp=ygUPcHVibGljIGZyZWFrb3V0,/@PublicFreakout,Public Freakouts Unleashed,Public Freakouts 2023 NEW YEAR  EXTRAVAGANZA!,è§€çœ‹æ¬¡æ•¸ï¼š27è¬æ¬¡,1 å¹´å‰,Subscribe to Public Freakout here: â¡ï¸ https://www.youtube.com/user/iLikeAmazingMusic?sub_confirmation=1. Subscribe to myÂ ...,2024-01-31 06:18:13.899355
/watch?v=UR9Ms5LaYVM&pp=ygUPcHVibGljIGZyZWFrb3V0,/@publicfreakoutvideos,Public Freakout Videos,15 Minutes Of Karens Messing With The Wrong People..,è§€çœ‹æ¬¡æ•¸ï¼š134è¬æ¬¡,3 å€‹æœˆå‰,15 Minutes Of Karens Messing With The Wrong People.. ONE HOUR Of Karens Who Got OWNED!,2024-01-31 06:18:13.902454
/watch?v=AIySi-X47oc&pp=ygUPcHVibGljIGZyZWFrb3V0,/@UPFE,UPFE,Ultimate Public Freakout - Karens That Think Theyâ€™re Smart 1 Hour Episode #15,è§€çœ‹æ¬¡æ•¸ï¼š9.1è¬æ¬¡,4 å€‹æœˆå‰,Ultimate Public Freakout Episodes Welcome Back To Another Episode Of Ultimate Public Freakouts. Today's Episode Features AÂ ...,2024-01-31 06:18:13.905569
/watch?v=RKgm6Pli5PE&pp=ygUPcHVibGljIGZyZWFrb3V0,/@publicfreakoutvideos,Public Freakout Videos,Top 25 Most Viral Public Freakouts!,è§€çœ‹æ¬¡æ•¸ï¼š8.4è¬æ¬¡,2 å¹´å‰,"Top 25 Most Viral Public Freakouts! part 1 In today's video, we countdown the Top 25 Most Viral Public Freakouts! part 1. WatchÂ ...",2024-01-31 06:18:13.908751
/watch?v=-l0iNbY53DA&pp=ygUPcHVibGljIGZyZWFrb3V0,/@PublicFreakout,Public Freakouts Unleashed,TOP 25 Public Freakouts That Will BLOW YOUR MIND!,è§€çœ‹æ¬¡æ•¸ï¼š12è¬æ¬¡,10 å€‹æœˆå‰,Subscribe to Public Freakouts Unleashed here: â¡ï¸ https://www.youtube.com/user/iLikeAmazingMusic?sub_confirmation=1,2024-01-31 06:18:13.912844
/watch?v=33BjYYnybMQ&pp=ygUPcHVibGljIGZyZWFrb3V0,/@UPFE,UPFE,Ultimate Public Freakout - Karens That Think Theyâ€™re Smart Episode #19,è§€çœ‹æ¬¡æ•¸ï¼š1.6è¬æ¬¡,2 å€‹æœˆå‰,Ultimate Public Freakout Episodes Welcome Back To Another Episode Of Ultimate Public Freakouts. Today's Episode Features AÂ ...,2024-01-31 06:18:13.915724
/watch?v=PZQbPVvaz2w&pp=ygUPcHVibGljIGZyZWFrb3V0,/@PublicFreakout,Public Freakouts Unleashed,TOP 20 PUBLIC FREAKOUTS That Will Short Circuit Your Brain!,è§€çœ‹æ¬¡æ•¸ï¼š8.8è¬æ¬¡,10 å€‹æœˆå‰,Subscribe to Public Freakout here: â¡ï¸ https://www.youtube.com/user/iLikeAmazingMusic?sub_confirmation=1. Subscribe to myÂ ...,2024-01-31 06:18:13.919254
/watch?v=3q6JiHPUMvs&pp=ygUPcHVibGljIGZyZWFrb3V0,/@freakingout9533,freaking out,Public Freakout Compilation #177,è§€çœ‹æ¬¡æ•¸ï¼š272æ¬¡,1 å€‹æœˆå‰,public #publicfreakoutcompilation Road raging driver break-checks an unmarked cop car Train station Karen realizes there'sÂ ...,2024-01-31 06:18:13.921929
/watch?v=J_KUY6oqVL0&pp=ygUPcHVibGljIGZyZWFrb3V0,/@publicfreakoutvideos,Public Freakout Videos,12 Minutes Of Karens Messing With The Wrong People..,è§€çœ‹æ¬¡æ•¸ï¼š6.8è¬æ¬¡,4 å€‹æœˆå‰,12 Minutes Of Karens Messing With The Wrong People.. ONE HOUR Of Karens Who Got OWNED!,2024-01-31 06:18:13.924630
/watch?v=rTc0KiHkxGY&pp=ygUPcHVibGljIGZyZWFrb3V0,/@PublicFreakout,Public Freakouts Unleashed,Another CRAZY Victoria's Secret Meltdown ğŸ‘€ | Best Freakouts,è§€çœ‹æ¬¡æ•¸ï¼š13è¬æ¬¡,7 å€‹æœˆå‰,Subscribe to Public Freakout here: â¡ï¸ https://www.youtube.com/user/iLikeAmazingMusic?sub_confirmation=1. Subscribe to myÂ ...,2024-01-31 06:18:13.927314
/watch?v=wO67qmXzBGU&pp=ygUPcHVibGljIGZyZWFrb3V0,/@PublicFreakout,Public Freakouts Unleashed,The Neighbors Have Lost Their Minds | Best Freakouts,è§€çœ‹æ¬¡æ•¸ï¼š9.6è¬æ¬¡,4 å€‹æœˆå‰,Subscribe to Public Freakout here: â¡ï¸ https://www.youtube.com/user/iLikeAmazingMusic?sub_confirmation=1. Enjoy yourselfÂ ...,2024-01-31 06:18:13.931040
/watch?v=wPoeLo5TuyI&pp=ygUPcHVibGljIGZyZWFrb3V0,/@failarmy,FailArmy,Public Freakout Compilation 2020 | FailArmy,è§€çœ‹æ¬¡æ•¸ï¼š416è¬æ¬¡,4 å¹´å‰,"There is a reason why I don't go outside, and that's because I don't know how to act in public. These people also don't possessÂ ...",2024-01-31 06:18:13.933903
/watch?v=1nNxDMCu2cM&pp=ygUPcHVibGljIGZyZWFrb3V0,/@PublicFreakout,Public Freakouts Unleashed,WTF Is Going On At This Apartment Complex?! | Best Freakouts,è§€çœ‹æ¬¡æ•¸ï¼š10è¬æ¬¡,5 å€‹æœˆå‰,Subscribe to Public Freakout here: â¡ï¸ https://www.youtube.com/user/iLikeAmazingMusic?sub_confirmation=1. Enjoy yourselfÂ ...,2024-01-31 06:18:13.942456
/watch?v=vVbUuKEjlfA&pp=ygUPcHVibGljIGZyZWFrb3V0,/@publicfreakoutvideos,Public Freakout Videos,Burger King Employee Goes CRAZY On Karen!,è§€çœ‹æ¬¡æ•¸ï¼š2.4è¬æ¬¡,4 å€‹æœˆå‰,Burger King Employee Goes CRAZY On Karen! ONE HOUR Of Karens Who Got OWNED!,2024-01-31 06:18:13.945439
/watch?v=SaFiK5eXm7Y&pp=ygUPcHVibGljIGZyZWFrb3V0,/@UPFE,UPFE,* Ultimate Public Freakout - Karens That Think Theyâ€™re Smart 1 Hour Episode #8,è§€çœ‹æ¬¡æ•¸ï¼š38è¬æ¬¡,7 å€‹æœˆå‰,Ultimate Public Freakout Episodes Welcome Back To Another Episode Of Ultimate Public Freakouts. Today's Episode Features AÂ ...,2024-01-31 06:18:13.948320
